circrna_id	TIS_type	TIS_position
TC-hsa-GNB1_0038	ATG	47
TC-hsa-GNB1_0056	ATG	47
TC-hsa-CDC42_0008	ATG	51
TC-hsa-CDC42_0008	CGA	252
TC-hsa-EIF4G3_0115	ATG	56
TC-hsa-KDM1A_0014	TGC	727
TC-hsa-CDC42_0011	CGA	97
TC-hsa-SAMD11_0001	ATG	21
TC-hsa-HP1BP3_0014	ATG	19
TC-hsa-KIF1B_0016	ATG	80
TC-hsa-HNRNPR_0028	ATG	147
TC-hsa-RPL11_0002	ATG	188
TC-hsa-RPL11_0002	ATT	361
TC-hsa-RPL11_0005	ATT	94
TC-hsa-FBLIM1_0007	CTG	43
TC-hsa-FBLIM1_0008	CTG	43
TC-hsa-PARK7_0003	ATG	24
TC-hsa-HP1BP3_0058	ATG	16
TC-hsa-GNB1_0042	ATG	30
TC-hsa-PNRC2_0001	ATG	40
TC-hsa-STMN1_0006	CTG	36
TC-hsa-STMN1_0006	TTG	18
TC-hsa-HP1BP3_0044	ATG	16
TC-hsa-ENO1_0012	TAT	358
TC-hsa-HP1BP3_0079	ATG	19
TC-hsa-STPG1_0007	ATG	15
TC-hsa-STPG1_0009	ATG	15
TC-hsa-RER1_0004	ATG	42
TC-hsa-MFAP2_0001	ATG	42
TC-hsa-KDM1A_0023	TGC	723
TC-hsa-KDM1A_0039	TGC	427
TC-hsa-HP1BP3_0069	ATG	19
TC-hsa-EIF4G3_0139	ATG	56
TC-hsa-TAF12_0005	ATG	85
TC-hsa-GMEB1_0017	ATG	31
TC-hsa-PUM1_0111	ATG	111
TC-hsa-PUM1_0111	TGA	13
TC-hsa-PUM1_0116	ATG	111
TC-hsa-PUM1_0116	TGA	13
TC-hsa-PUM1_0021	ATG	111
TC-hsa-PUM1_0021	TGA	13
TC-hsa-CASZ1_0010	ATG	123
TC-hsa-RPS8_0001	ATG	76
TC-hsa-RPS8_0001	CGT	162
TC-hsa-KDM1A_0055	TGC	148
TC-hsa-KDM1A_0060	TGC	66
TC-hsa-HNRNPR_0005	ATG	28
TC-hsa-OSBPL9_0007	ATG	238
TC-hsa-OSBPL9_0007	ATG	617
TC-hsa-ERI3_0034	ATG	139
TC-hsa-OSBPL9_0002	ATG	423
TC-hsa-CDC20_0002	ATG	50
TC-hsa-TARDBP_0001	ATG	13
TC-hsa-CTPS1_0005	ATG	14
TC-hsa-ATPAF1_0002	ATT	127
TC-hsa-ATPAF1_0009	ATT	336
TC-hsa-OSBPL9_0047	ATG	62
TC-hsa-ERI3_0010	ATG	493
TC-hsa-RNF11_0002	GAT	23
TC-hsa-ERI3_0028	ATG	205
TC-hsa-OSBPL9_0029	ATG	139
TC-hsa-OSBPL9_0043	ATG	62
TC-hsa-JUN_0005	CTG	175
TC-hsa-JUN_0005	ACG	19
TC-hsa-OSBPL9_0030	ATG	139
TC-hsa-HSPB11_0002	ATG	16
TC-hsa-DHCR24_0016	CTG	9
TC-hsa-PRPF38A_0003	ATG	70
TC-hsa-RABGGTB_0004	GAT	16
TC-hsa-SRSF11_0002	ATG	26
TC-hsa-CRYZ_0006	ATG	14
TC-hsa-FAM73A_0008	ATG	11
TC-hsa-FAM73A_0009	ATG	11
TC-hsa-FAM73A_0011	ATG	11
TC-hsa-ZZZ3_0054	ATG	60
TC-hsa-FUBP1_0066	ATG	56
TC-hsa-RPL5_0003	CGG	397
TC-hsa-FAM73A_0003	ATG	16
TC-hsa-NRAS_0003	ATG	18
TC-hsa-CSDE1_0024	ATG	32
TC-hsa-DPH5_0013	ATG	96
TC-hsa-DPH5_0013	ACG	39
TC-hsa-GDAP2_0008	ATG	68
TC-hsa-GDAP2_0049	ATG	68
TC-hsa-DRAM2_0006	ATG	79
TC-hsa-RAP1A_0001	ATG	28
TC-hsa-CEPT1_0005	ATG	74
TC-hsa-CEPT1_0005	ATG	103
TC-hsa-CEPT1_0007	ATG	74
TC-hsa-CEPT1_0007	ATG	103
TC-hsa-GDAP2_0005	ATG	68
TC-hsa-DRAM2_0007	ATG	79
TC-hsa-CSDE1_0069	ATG	179
TC-hsa-CSDE1_0086	ATG	179
TC-hsa-CSDE1_0088	ATC	39
TC-hsa-TARS2_0001	ATG	19
TC-hsa-ENSA_0006	TTG	37
TC-hsa-ILF2_0008	GCC	24
TC-hsa-UBAP2L_0001	GAT	43
TC-hsa-UBAP2L_0003	GAT	43
TC-hsa-THEM4_0003	ACG	110
TC-hsa-ADAR_0020	ATG	871
TC-hsa-ADAR_0020	ACG	324
TC-hsa-ADAR_0020	ATG	44
TC-hsa-ATF6_0030	CCT	63
TC-hsa-CERS2_0007	ATG	87
TC-hsa-GBA_0007	CTG	25
TC-hsa-ILF2_0005	GCC	24
TC-hsa-GDAP2_0051	ATG	68
TC-hsa-TAGLN2_0001	GGG	168
TC-hsa-TAGLN2_0002	GGG	551
TC-hsa-TAGLN2_0002	ATG	93
TC-hsa-ILF2_0012	GCC	512
TC-hsa-ILF2_0012	GAT	56
TC-hsa-UAP1_0008	ATT	17
TC-hsa-UAP1_0009	ATT	17
TC-hsa-CDC42SE1_0004	ATG	264
TC-hsa-ATF6_0010	CCT	465
TC-hsa-ATF6_0019	CCT	193
TC-hsa-ATF6_0025	CCT	190
TC-hsa-ATF6_0027	CCT	63
TC-hsa-ATF6_0022	CCT	193
TC-hsa-ATF6_0009	CCT	465
TC-hsa-ATF6_0018	CCT	193
TC-hsa-TOR1AIP2_0003	ATG	147
TC-hsa-TOR1AIP2_0012	CTG	42
TC-hsa-MRPS14_0002	ATG	16
TC-hsa-C1orf21_0004	ATG	62
TC-hsa-C1orf27_0006	ATG	20
TC-hsa-TROVE2_0002	CTG	2
TC-hsa-C1orf21_0003	ATG	62
TC-hsa-TROVE2_0001	CTG	83
TC-hsa-CENPF_0004	ATG	42
TC-hsa-DNAH14_0026	ATG	9
TC-hsa-DNAH14_0002	ATG	428
TC-hsa-BROX_0004	AAT	16
TC-hsa-DNAH14_0020	ATG	9
TC-hsa-ARF1_0005	ATG	38
TC-hsa-ARF1_0005	TAC	140
TC-hsa-DNAH14_0001	ATG	428
TC-hsa-TBCE_0005	ATG	32
TC-hsa-RBM34_0005	AAT	1
TC-hsa-ARF1_0008	TAC	18
TC-hsa-TBCE_0004	ATG	32
TC-hsa-BROX_0015	AAT	16
TC-hsa-ARF1_0004	ATG	38
TC-hsa-ARF1_0004	TAC	140
TC-hsa-ADSS_0044	ATG	311
TC-hsa-ADSS_0044	ATG	225
TC-hsa-LARP4B_0011	ATG	40
TC-hsa-LARP4B_0020	ATG	40
TC-hsa-CEP170_0009	ATG	42
TC-hsa-CEP170_0014	ATG	42
TC-hsa-VIM_0003	CCG	69
TC-hsa-VIM_0003	ATG	125
TC-hsa-VIM_0008	CCG	48
TC-hsa-VIM_0008	ATG	104
TC-hsa-CDC123_0001	ATG	130
TC-hsa-SEPHS1_0006	CAT	78
TC-hsa-SEPHS1_0019	CAT	78
TC-hsa-KIF5B_0006	ACT	111
TC-hsa-KIF5B_0016	ACT	179
TC-hsa-KIF5B_0021	ACT	2095
TC-hsa-KIF5B_0023	ACT	77
TC-hsa-KIF5B_0025	ACT	77
TC-hsa-YME1L1_0029	ATG	29
TC-hsa-HNRNPF_0002	ATG	115
TC-hsa-HNRNPF_0002	ATC	82
TC-hsa-H2AFY2_0001	ATG	60
TC-hsa-ANXA7_0038	ATC	73
TC-hsa-SAMD8_0001	ATG	16
TC-hsa-ANXA7_0005	ATC	73
TC-hsa-DDX21_0008	GGA	585
TC-hsa-DDX21_0022	GGA	65
TC-hsa-ASCC1_0014	ATG	34
TC-hsa-SAMD8_0002	ATG	16
TC-hsa-DNA2_0101	ATG	22
TC-hsa-IDE_0085	ATG	26
TC-hsa-DDX21_0009	GGA	585
TC-hsa-RPS24_0003	ATG	151
TC-hsa-SAMD8_0003	ATG	16
TC-hsa-ASCC1_0019	ATG	53
TC-hsa-ATAD1_0030	ATG	14
TC-hsa-RRP12_0017	CTG	53
TC-hsa-R3HCC1L_0011	CCT	1264
TC-hsa-R3HCC1L_0019	CCT	1062
TC-hsa-R3HCC1L_0021	CCT	1062
TC-hsa-ANXA11_0016	ATG	9
TC-hsa-ANXA7_0039	ATC	18
TC-hsa-ACTA2_0003	ATG	24
TC-hsa-ATAD1_0024	ATG	14
TC-hsa-ATAD1_0028	ATG	14
TC-hsa-HPS1_0008	ATG	9
TC-hsa-COX15_0010	ATG	43
TC-hsa-IDE_0102	ATG	26
TC-hsa-NT5C2_0054	ATG	25
TC-hsa-GBF1_0001	CTG	53
TC-hsa-GBF1_0001	ATG	180
TC-hsa-GBF1_0001	ATG	247
TC-hsa-LDB1_0009	CTG	24
TC-hsa-PDCD4_0015	ATT	20
TC-hsa-PDCD4_0015	ATG	63
TC-hsa-PDCD4_0004	ATT	20
TC-hsa-PDCD4_0004	ATG	63
TC-hsa-OAT_0016	ATG	11
TC-hsa-EIF3A_0066	GTC	94
TC-hsa-PDCD4_0009	ATT	20
TC-hsa-PDCD4_0009	ATG	63
TC-hsa-SHOC2_0018	ATG	62
TC-hsa-IRF7_0003	ATG	92
TC-hsa-SHOC2_0021	ATG	62
TC-hsa-RGS10_0006	ATG	16
TC-hsa-GLRX3_0001	ATG	31
TC-hsa-GLRX3_0006	ATG	31
TC-hsa-EIF3A_0071	GTC	285
TC-hsa-OAT_0013	ATG	11
TC-hsa-EIF3A_0031	GTC	94
TC-hsa-TUBGCP2_0015	ATG	62
TC-hsa-TUBGCP2_0015	ATG	40
TC-hsa-NUP98_0134	ATG	29
TC-hsa-NUP98_0152	ATG	29
TC-hsa-PHRF1_0003	ATG	22
TC-hsa-APBB1_0002	ATG	15
TC-hsa-EIF4G2_0076	GAT	261
TC-hsa-EIF4G2_0076	AAT	232
TC-hsa-EIF4G2_0076	AGT	86
TC-hsa-EIF4G2_0076	ATT	63
TC-hsa-HPS5_0016	ATG	27
TC-hsa-NAT10_0009	ATG	16
TC-hsa-CKAP5_0114	ATG	38
TC-hsa-CKAP5_0125	ATG	38
TC-hsa-TRAF6_0007	ATG	23
TC-hsa-CSTF3_0042	ATC	7
TC-hsa-NAT10_0010	ATG	16
TC-hsa-CELF1_0009	ATG	11
TC-hsa-CELF1_0019	ATG	11
TC-hsa-CELF1_0043	ATG	11
TC-hsa-ARL14EP_0003	ATG	13
TC-hsa-CKAP5_0142	ATG	18
TC-hsa-CKAP5_0139	ATG	38
TC-hsa-HSD17B12_0001	ATG	24
TC-hsa-SLC3A2_0002	ATG	6
TC-hsa-GSTP1_0004	GGA	31
TC-hsa-KDM2A_0068	ATG	148
TC-hsa-CPT1A_0051	ATG	14
TC-hsa-PPP6R3_0030	ATG	50
TC-hsa-AAMDC_0005	ATG	19
TC-hsa-CTTN_0010	ATG	17
TC-hsa-RAB6A_0048	CTG	210
TC-hsa-RAB6A_0048	ACG	10
TC-hsa-PAFAH1B2_0005	ATG	129
TC-hsa-PAFAH1B2_0010	ATG	41
TC-hsa-CCDC77_0001	ATG	113
TC-hsa-TMEM218_0001	AGT	43
TC-hsa-CCDC77_0012	ATG	59
TC-hsa-ERC1_0016	CAT	156
TC-hsa-ZNF202_0002	ATG	39
TC-hsa-RHNO1_0001	ATG	51
TC-hsa-FEZ1_0022	ATG	46
TC-hsa-EI24_0004	ATG	11
TC-hsa-APLP2_0008	ACC	433
TC-hsa-APLP2_0010	ACC	433
TC-hsa-RIMKLB_0012	ATG	57
TC-hsa-PHC1_0002	ATG	49
TC-hsa-PHC1_0003	ATG	49
TC-hsa-RASSF8_0019	ATG	52
TC-hsa-RASSF8_0022	ATG	9
TC-hsa-FAR2_0006	ATG	39
TC-hsa-FOXM1_0009	ATG	22
TC-hsa-RASSF8_0027	ATG	9
TC-hsa-PPHLN1_0007	ATG	21
TC-hsa-PPHLN1_0003	ATG	21
TC-hsa-EPS8_0041	ATG	22
TC-hsa-ERGIC2_0039	ATG	38
TC-hsa-FAR2_0005	ATG	39
TC-hsa-SLC38A2_0027	ATG	148
TC-hsa-SLC38A2_0027	AAT	95
TC-hsa-SLC38A2_0027	ACG	8
TC-hsa-TMBIM6_0001	ATG	31
TC-hsa-ASB8_0002	ATG	181
TC-hsa-ASB8_0002	ATG	42
TC-hsa-PCBP2_0003	TTG	36
TC-hsa-CBX5_0016	ATG	43
TC-hsa-C12orf10_0001	ATG	65
TC-hsa-RNF41_0008	ATG	40
TC-hsa-TUBA1A_0004	AAT	109
TC-hsa-TUBA1A_0006	AAT	744
TC-hsa-TUBA1A_0006	CAC	282
TC-hsa-TUBA1A_0002	AAT	183
TC-hsa-TUBA1A_0005	AAT	741
TC-hsa-TUBA1A_0005	CAC	279
TC-hsa-RAB5B_0002	CTG	13
TC-hsa-RAB5B_0002	ATG	93
TC-hsa-RAB5B_0004	CTG	13
TC-hsa-RAB5B_0004	ATG	93
TC-hsa-TIMELESS_0006	ATG	77
TC-hsa-TIMELESS_0006	GTT	42
TC-hsa-PTGES3_0001	ATG	39
TC-hsa-PTGES3_0002	ATG	39
TC-hsa-PTGES3_0010	ATG	39
TC-hsa-ATP5B_0010	GGA	429
TC-hsa-ATP5B_0016	GGA	341
TC-hsa-SHMT2_0002	ATG	12
TC-hsa-HMGA2_0001	CTC	363
TC-hsa-XPOT_0012	ATG	75
TC-hsa-MDM2_0003	ATG	20
TC-hsa-FRS2_0002	CTG	4
TC-hsa-RAB3IP_0009	ATG	12
TC-hsa-OSBPL8_0058	ATG	19
TC-hsa-MDM2_0005	ATG	20
TC-hsa-RAP1B_0001	ATG	27
TC-hsa-MSANTD4_0007	ATG	42
TC-hsa-MRPL42_0001	ATG	95
TC-hsa-NEDD1_0005	ATG	251
TC-hsa-NEDD1_0011	ATG	251
TC-hsa-NEDD1_0012	ATG	251
TC-hsa-NUP37_0011	ATG	66
TC-hsa-APAF1_0005	ATG	42
TC-hsa-TXNRD1_0003	TTG	249
TC-hsa-TXNRD1_0003	CTG	267
TC-hsa-TCP11L2_0003	ATG	36
TC-hsa-RPLP0_0001	GCT	139
TC-hsa-ATP2A2_0003	ATG	123
TC-hsa-TCP11L2_0002	ATG	36
TC-hsa-ZNF664_0006	ATG	66
TC-hsa-ZNF664_0006	ATG	342
TC-hsa-ZNF664_0004	ATG	66
TC-hsa-ZNF664_0009	ATG	63
TC-hsa-ZNF664_0009	ATG	339
TC-hsa-POMP_0001	ATG	181
TC-hsa-ZMYM2_0005	TTG	37
TC-hsa-RNF6_0001	ATG	38
TC-hsa-PDS5B_0006	ATG	20
TC-hsa-SMAD9_0014	TTG	52
TC-hsa-RFC3_0001	ATG	70
TC-hsa-NEK3_0034	ATG	14
TC-hsa-FARP1_0005	ATG	24
TC-hsa-DZIP1_0077	GAT	118
TC-hsa-DZIP1_0077	ATG	70
TC-hsa-UGGT2_0214	ATG	72
TC-hsa-ING1_0001	ATG	72
TC-hsa-RBM23_0020	ATG	11
TC-hsa-RBM23_0031	ATG	11
TC-hsa-TFDP1_0008	ATG	323
TC-hsa-NUBPL_0005	ATG	35
TC-hsa-COCH_0001	ATG	272
TC-hsa-DCAF11_0001	ATA	94
TC-hsa-HECTD1_0244	ATG	22
TC-hsa-SEC23A_0059	ATG	22
TC-hsa-ATL1_0003	ATG	140
TC-hsa-KTN1_0001	ATG	31
TC-hsa-PSEN1_0018	CTG	16
TC-hsa-PSEN1_0020	CTG	16
TC-hsa-PSEN1_0023	CTG	16
TC-hsa-NUMB_0014	ATG	16
TC-hsa-NUMB_0022	ATG	16
TC-hsa-SRSF5_0006	ATG	20
TC-hsa-STON2_0013	ATG	38
TC-hsa-GOLGA5_0001	ATG	31
TC-hsa-EIF5_0002	ATG	119
TC-hsa-KLC1_0002	ATG	14
TC-hsa-SETD3_0016	AAT	8
TC-hsa-ITPK1_0016	CTG	8
TC-hsa-HSP90AA1_0006	ATG	447
TC-hsa-HSP90AA1_0006	AAT	142
TC-hsa-TECPR2_0008	ATG	18
TC-hsa-ZNF770_0006	ATG	51
TC-hsa-NUSAP1_0001	CTG	31
TC-hsa-NUSAP1_0001	GAT	83
TC-hsa-ACTC1_0006	ACC	293
TC-hsa-ACTC1_0006	GAC	269
TC-hsa-CASC5_0003	AAT	17
TC-hsa-CASC5_0006	AAT	17
TC-hsa-SNAP23_0003	ATG	15
TC-hsa-TMOD3_0002	ATG	75
TC-hsa-TMOD3_0003	ATG	75
TC-hsa-SPG21_0027	ATG	25
TC-hsa-PKM_0014	ATG	14
TC-hsa-VWA9_0018	ATG	63
TC-hsa-SIN3A_0021	ATG	175
TC-hsa-SIN3A_0021	ATG	23
TC-hsa-VWA9_0031	ATG	46
TC-hsa-VWA9_0026	ATG	46
TC-hsa-SMAD6_0001	ATG	158
TC-hsa-PTPN9_0028	ATT	81
TC-hsa-VWA9_0013	ATG	46
TC-hsa-PSMA4_0006	GCT	362
TC-hsa-ZFAND6_0001	CAT	200
TC-hsa-ABHD2_0019	ATT	59
TC-hsa-FANCI_0007	ATG	10
TC-hsa-IFT140_0013	ATG	32
TC-hsa-GDPGP1_0001	ATG	24
TC-hsa-IFT140_0044	ATG	32
TC-hsa-HMOX2_0001	AAT	41
TC-hsa-RNPS1_0007	ATG	118
TC-hsa-TRAP1_0010	TAT	903
TC-hsa-MEF2A_0010	ATT	95
TC-hsa-MEF2A_0010	ATG	147
TC-hsa-RNPS1_0009	ATG	118
TC-hsa-MKL2_0004	ATG	129
TC-hsa-GSPT1_0027	GCC	126
TC-hsa-HMOX2_0003	AAT	41
TC-hsa-GSPT1_0018	GCC	92
TC-hsa-RSL1D1_0022	ATG	1
TC-hsa-GSPT1_0010	GCC	92
TC-hsa-FUS_0011	CAG	204
TC-hsa-FUS_0014	CAG	62
TC-hsa-FUS_0014	GCT	569
TC-hsa-FUS_0019	GCT	140
TC-hsa-WWP2_0009	ATG	11
TC-hsa-TMEM219_0002	ATG	35
TC-hsa-TMEM219_0001	ATG	35
TC-hsa-FUS_0009	CAG	207
TC-hsa-FUS_0009	GCT	714
TC-hsa-CNOT1_0088	ATG	77
TC-hsa-CNOT1_0132	ATG	353
TC-hsa-CNOT1_0132	ATG	126
TC-hsa-CNOT1_0134	ATG	353
TC-hsa-CNOT1_0134	ATG	126
TC-hsa-CNOT1_0135	ATG	353
TC-hsa-CNOT1_0135	ATG	126
TC-hsa-NUTF2_0001	AAT	29
TC-hsa-KIF1C_0001	ATG	149
TC-hsa-HSDL1_0011	ACG	19
TC-hsa-ACSF3_0007	GAT	55
TC-hsa-MBTPS1_0027	ATG	57
TC-hsa-ELP5_0001	ATG	143
TC-hsa-PMP22_0004	ATG	35
TC-hsa-PRPSAP2_0020	ATT	42
TC-hsa-PRPSAP2_0020	ATG	129
TC-hsa-MYH10_0129	ATG	32
TC-hsa-AURKB_0002	CTG	50
TC-hsa-TAOK1_0057	ATG	30
TC-hsa-TAOK1_0051	ATG	33
TC-hsa-TAOK1_0060	ATG	1
TC-hsa-TAOK1_0005	ATG	97
TC-hsa-SUPT6H_0003	ATG	32
TC-hsa-WIPF2_0005	ATG	70
TC-hsa-WIPF2_0010	ATG	70
TC-hsa-TMEM98_0004	ATG	55
TC-hsa-RAB5C_0002	CTG	64
TC-hsa-STAT5B_0033	ATG	11
TC-hsa-RAB34_0004	ATG	160
TC-hsa-STAT5B_0035	ATG	11
TC-hsa-EIF1_0001	ATG	129
TC-hsa-EIF1_0001	GAT	186
TC-hsa-EIF1_0001	ATG	337
TC-hsa-MYO19_0021	ATG	219
TC-hsa-AP2B1_0002	ATG	24
TC-hsa-AP2B1_0003	ATG	24
TC-hsa-TADA2A_0003	ATG	22
TC-hsa-TOP2A_0052	CTG	31
TC-hsa-TMEM99_0002	ATG	107
TC-hsa-SLFN11_0001	ATG	20
TC-hsa-CBX1_0003	CTG	23
TC-hsa-CBX1_0005	CTG	26
TC-hsa-CDC6_0001	ATG	14
TC-hsa-PRR11_0008	CTG	40
TC-hsa-PRR11_0011	CTG	40
TC-hsa-NT5C3B_0016	ATG	261
TC-hsa-NME2_0002	CAG	92
TC-hsa-NME2_0002	GGT	196
TC-hsa-NMT1_0001	ATG	48
TC-hsa-NMT1_0003	ATG	1
TC-hsa-VMP1_0005	ATG	69
TC-hsa-VMP1_0015	ATG	69
TC-hsa-TLK2_0010	ATG	20
TC-hsa-TLK2_0003	ATG	321
TC-hsa-BCAS3_0008	ATG	18
TC-hsa-BCAS3_0013	ATG	18
TC-hsa-SRSF1_0002	TCA	148
TC-hsa-DYNLL2_0001	ATG	10
TC-hsa-AKAP1_0001	ATG	25
TC-hsa-AKAP1_0004	ATG	25
TC-hsa-SRSF1_0007	GAC	66
TC-hsa-DDX42_0003	ATG	88
TC-hsa-PRR11_0007	CTG	173
TC-hsa-RECQL5_0007	ATG	15
TC-hsa-SRP68_0002	TTG	279
TC-hsa-CASKIN2_0004	ATG	44
TC-hsa-LLGL2_0001	AAT	30
TC-hsa-NUP85_0004	ATG	34
TC-hsa-SLC25A19_0006	ATG	11
TC-hsa-LIMD2_0004	CAT	50
TC-hsa-LIMD2_0006	CAT	50
TC-hsa-STRADA_0010	CTG	17
TC-hsa-CCDC47_0028	ATG	20
TC-hsa-DHX40_0005	ATG	11
TC-hsa-DHX40_0006	ATG	11
TC-hsa-SEC14L1_0003	ATG	58
TC-hsa-HELZ_0110	ATG	19
TC-hsa-SRP68_0024	TTG	212
TC-hsa-CCDC47_0014	ATG	20
TC-hsa-DDX42_0004	ATG	88
TC-hsa-USP36_0020	CTG	83
TC-hsa-NARF_0002	ATG	38
TC-hsa-ACTG1_0008	ATG	41
TC-hsa-P4HB_0016	GAT	186
TC-hsa-P4HB_0019	GAT	393
TC-hsa-HGS_0001	ATG	7
TC-hsa-YES1_0027	ATG	103
TC-hsa-YES1_0032	ATG	103
TC-hsa-P4HB_0010	GAT	52
TC-hsa-P4HB_0013	GAT	52
TC-hsa-P4HB_0014	GAT	105
TC-hsa-SMAD2_0020	CAT	53
TC-hsa-SMAD2_0037	CAT	53
TC-hsa-SMAD2_0046	CAT	53
TC-hsa-SMAD2_0053	CAT	139
TC-hsa-TXNL1_0008	ATG	66
TC-hsa-PIGN_0124	ATG	236
TC-hsa-PIGN_0114	ATG	236
TC-hsa-FECH_0024	ATG	33
TC-hsa-OAZ1_0006	ATG	221
TC-hsa-EEF2_0033	CAG	268
TC-hsa-EEF2_0033	GTA	13
TC-hsa-EEF2_0029	CAG	292
TC-hsa-EEF2_0029	GTA	37
TC-hsa-PIGN_0029	ATG	33
TC-hsa-MUM1_0006	ATG	57
TC-hsa-UBXN6_0005	ATG	66
TC-hsa-SGTA_0009	ATG	24
TC-hsa-SF3A2_0001	ATG	38
TC-hsa-EEF2_0058	CAG	112
TC-hsa-KDM4B_0013	ATG	26
TC-hsa-ELAVL1_0013	ATG	41
TC-hsa-ELAVL1_0013	ATG	17
TC-hsa-UHRF1_0004	ATG	11
TC-hsa-GPX4_0002	GAC	187
TC-hsa-EEF2_0066	CAG	268
TC-hsa-EEF2_0066	GTA	13
TC-hsa-KHSRP_0006	GAA	190
TC-hsa-KHSRP_0009	GAA	14
TC-hsa-MED16_0005	ATG	19
TC-hsa-EEF2_0046	CAG	53
TC-hsa-EEF2_0059	CAG	268
TC-hsa-EEF2_0059	GTA	13
TC-hsa-NFIC_0006	ATG	829
TC-hsa-ZNF426_0008	ATG	71
TC-hsa-ZNF358_0001	ATG	27
TC-hsa-HNRNPM_0001	ATG	17
TC-hsa-HNRNPM_0001	GGC	188
TC-hsa-PTPRS_0036	CTG	13
TC-hsa-KHSRP_0013	GAA	190
TC-hsa-ZNF121_0016	CTG	30
TC-hsa-ZNF561_0005	ATG	96
TC-hsa-ILF3_0006	ATT	10
TC-hsa-ILF3_0004	ATT	10
TC-hsa-TNPO2_0025	ATG	14
TC-hsa-PRDX2_0002	ATG	10
TC-hsa-CALR_0004	ATG	19
TC-hsa-BRD4_0006	ATG	110
TC-hsa-BRD4_0006	ATG	21
TC-hsa-BRD4_0003	ATG	110
TC-hsa-BRD4_0003	ATG	21
TC-hsa-ZNF567_0005	ATG	237
TC-hsa-GATAD2A_0006	CAT	20
TC-hsa-CC2D1A_0001	ATG	26
TC-hsa-ALKBH6_0001	ATG	70
TC-hsa-ZNF567_0013	ATG	65
TC-hsa-ZNF146_0005	ATG	16
TC-hsa-ZNF146_0005	ATG	71
TC-hsa-ZNF146_0005	ATG	212
TC-hsa-COX6B1_0001	ATG	12
TC-hsa-SAMD4B_0004	ACG	80
TC-hsa-RFXANK_0001	CTG	100
TC-hsa-DPY19L3_0001	ATG	18
TC-hsa-DPY19L3_0001	ATG	38
TC-hsa-ZNF585A_0003	ATG	90
TC-hsa-SLC1A5_0008	ATG	306
TC-hsa-SLC1A5_0008	CTG	207
TC-hsa-SLC1A5_0008	CTG	109
TC-hsa-SLC1A5_0008	ATT	11
TC-hsa-PLD3_0002	CTG	104
TC-hsa-KDELR1_0003	ATG	141
TC-hsa-KDELR1_0003	ACC	58
TC-hsa-NOSIP_0001	ATG	11
TC-hsa-VRK3_0027	ATG	13
TC-hsa-ZNF528_0001	CTG	61
TC-hsa-ZSCAN18_0003	TTG	74
TC-hsa-ZSCAN18_0003	CTG	49
TC-hsa-NUCB1_0001	ATG	261
TC-hsa-ZNF611_0005	ATG	14
TC-hsa-PPP2R1A_0005	TCC	31
TC-hsa-ZNF611_0003	ATG	14
TC-hsa-ZSCAN18_0002	TTG	74
TC-hsa-ZSCAN18_0002	CTG	49
TC-hsa-NUCB1_0002	ATG	12
TC-hsa-PUM2_0036	ATG	26
TC-hsa-GEN1_0002	ATG	16
TC-hsa-GEN1_0003	ATG	16
TC-hsa-GEN1_0011	ATG	16
TC-hsa-PUM2_0102	ATG	26
TC-hsa-ODC1_0004	CAT	127
TC-hsa-DNMT3A_0026	ATT	112
TC-hsa-DNMT3A_0026	ATG	73
TC-hsa-DNMT3A_0029	ATT	112
TC-hsa-DNMT3A_0029	ATG	73
TC-hsa-LAPTM4A_0006	ATG	105
TC-hsa-LAPTM4A_0006	ACG	1
TC-hsa-GTF3C2_0014	ATG	25
TC-hsa-NRBP1_0001	CTG	375
TC-hsa-BRE_0001	ATG	25
TC-hsa-PPP1CB_0007	ATG	88
TC-hsa-PPP1CB_0002	ATG	88
TC-hsa-HEATR5B_0148	ATG	23
TC-hsa-GPATCH11_0001	ATG	14
TC-hsa-SIX3_0002	ATG	9
TC-hsa-GPR75-ASB3_0040	AAT	13
TC-hsa-BCL11A_0002	ATG	31
TC-hsa-PELI1_0015	ATG	70
TC-hsa-PUS10_0014	ATG	16
TC-hsa-SNRPG_0001	ATG	45
TC-hsa-UGP2_0012	ATG	15
TC-hsa-UGP2_0003	ATG	15
TC-hsa-MAT2A_0002	ATG	25
TC-hsa-MAT2A_0003	ATG	25
TC-hsa-KRCC1_0005	ATG	230
TC-hsa-MRPL30_0002	ATG	28
TC-hsa-MGAT4A_0027	ATG	104
TC-hsa-MGAT4A_0027	ACG	43
TC-hsa-MGAT4A_0041	ATG	104
TC-hsa-MGAT4A_0041	ACG	43
TC-hsa-NCK2_0010	TTG	154
TC-hsa-C2orf76_0010	ATG	13
TC-hsa-C2orf76_0012	ATG	13
TC-hsa-TGFBRAP1_0015	CAT	14
TC-hsa-MGAT4A_0043	ATG	104
TC-hsa-MGAT4A_0043	ACG	43
TC-hsa-MAP4K4_0004	ATG	6
TC-hsa-MAP4K4_0003	ATG	6
TC-hsa-SMPD4_0006	ATG	46
TC-hsa-PLEKHB2_0001	ATG	55
TC-hsa-R3HDM1_0017	ATG	14
TC-hsa-R3HDM1_0021	ATG	14
TC-hsa-CLASP1_0118	ATG	286
TC-hsa-CLASP1_0207	ATG	286
TC-hsa-ORC4_0028	ATG	18
TC-hsa-SPTBN1_0001	ATG	48
TC-hsa-TANC1_0035	AAT	125
TC-hsa-TANC1_0045	AAT	15
TC-hsa-SP3_0002	GAT	205
TC-hsa-SP3_0002	ATG	168
TC-hsa-SP3_0002	ATA	49
TC-hsa-CIR1_0012	ATG	75
TC-hsa-PPIG_0010	TTG	22
TC-hsa-PPIG_0010	ATG	70
TC-hsa-PPIG_0012	ATG	17
TC-hsa-PMS1_0002	ATG	21
TC-hsa-PMS1_0005	ATG	21
TC-hsa-SPATS2L_0013	CTG	19
TC-hsa-SPATS2L_0013	ATG	73
TC-hsa-SPATS2L_0015	CTG	19
TC-hsa-SPATS2L_0015	ATG	73
TC-hsa-SPATS2L_0016	ATG	23
TC-hsa-TFPI_0018	CTG	62
TC-hsa-INPP1_0008	ATG	65
TC-hsa-SPATS2L_0008	CTG	19
TC-hsa-SPATS2L_0008	ATG	73
TC-hsa-BZW1_0004	ATG	120
TC-hsa-NIF3L1_0001	ATG	295
TC-hsa-NIF3L1_0001	ATG	376
TC-hsa-INPP1_0006	ATG	65
TC-hsa-STAT1_0015	ATG	18
TC-hsa-SMARCAL1_0002	ATG	59
TC-hsa-ZDBF2_0007	ATG	50
TC-hsa-SMARCAL1_0001	ATG	96
TC-hsa-RHBDD1_0033	CTG	11
TC-hsa-FN1_0138	TTG	62
TC-hsa-FN1_0138	ATT	30
TC-hsa-FN1_0139	TTG	20
TC-hsa-RHBDD1_0025	CTG	37
TC-hsa-DNAJB2_0001	ATG	37
TC-hsa-ARMC9_0005	ATG	40
TC-hsa-ARMC9_0014	ATG	40
TC-hsa-ARMC9_0009	ATG	40
TC-hsa-GIGYF2_0004	ATG	110
TC-hsa-GIGYF2_0020	ATG	44
TC-hsa-GIGYF2_0026	ATG	44
TC-hsa-GIGYF2_0033	ATG	44
TC-hsa-ARMC9_0018	ATG	40
TC-hsa-GIGYF2_0018	ATG	110
TC-hsa-TASP1_0083	ATG	38
TC-hsa-TASP1_0115	ATG	38
TC-hsa-CSNK2A1_0017	ATG	110
TC-hsa-CSNK2A1_0017	ATC	76
TC-hsa-CSNK2A1_0017	AGT	54
TC-hsa-CSNK2A1_0020	ATG	110
TC-hsa-CSNK2A1_0020	ATC	76
TC-hsa-CSNK2A1_0020	AGT	54
TC-hsa-HDLBP_0061	CAC	880
TC-hsa-GIGYF2_0019	ATG	110
TC-hsa-SEC23B_0007	TAT	14
TC-hsa-SEC23B_0006	TAT	14
TC-hsa-BTBD3_0001	ATG	126
TC-hsa-HDLBP_0074	CAC	142
TC-hsa-TPX2_0008	AGT	20
TC-hsa-SEC23B_0001	TAT	14
TC-hsa-SEC23B_0003	TAT	14
TC-hsa-TASP1_0066	ATG	38
TC-hsa-TPX2_0009	AGT	20
TC-hsa-RALY_0017	ATG	93
TC-hsa-RALY_0019	ATG	10
TC-hsa-RALY_0022	ATG	10
TC-hsa-SEC23B_0010	TAT	3
TC-hsa-EDEM2_0022	ATG	66
TC-hsa-NCOA6_0048	ATG	164
TC-hsa-NCOA6_0048	ATG	50
TC-hsa-RBM12_0006	ATG	76
TC-hsa-RBM12_0006	ATT	2
TC-hsa-NCOA6_0055	ATG	50
TC-hsa-RBM39_0023	ATC	127
TC-hsa-PHF20_0021	ATG	33
TC-hsa-RBM12_0010	ATG	108
TC-hsa-RBM12_0010	ATT	34
TC-hsa-RBM12_0010	ATT	18
TC-hsa-PHF20_0023	ATG	33
TC-hsa-PHF20_0024	ATG	33
TC-hsa-STAU1_0026	ATT	44
TC-hsa-GNAS_0014	GGT	416
TC-hsa-GNAS_0014	AAC	617
TC-hsa-PIGT_0007	CGA	495
TC-hsa-DNAJC5_0009	ATG	7
TC-hsa-CSE1L_0011	ATG	12
TC-hsa-DNAJC5_0007	ATG	12
TC-hsa-SULF2_0011	TTG	52
TC-hsa-STAU1_0076	ATT	44
TC-hsa-CSE1L_0003	ATG	12
TC-hsa-NCOA5_0010	ATG	30
TC-hsa-CSE1L_0007	ATG	12
TC-hsa-NDRG3_0029	ATG	49
TC-hsa-NDRG3_0029	ATT	22
TC-hsa-NDRG3_0036	ATG	49
TC-hsa-NDRG3_0036	ATT	22
TC-hsa-CSTF1_0001	ATG	33
TC-hsa-FAM217B_0001	ATG	255
TC-hsa-OSBPL2_0006	ATG	76
TC-hsa-MCM3AP_0053	ATG	109
TC-hsa-DYRK1A_0070	ATG	17
TC-hsa-GART_0015	CAT	246
TC-hsa-TTC3_0055	ATG	15
TC-hsa-TTC3_0055	ATG	75
TC-hsa-DYRK1A_0016	ATG	204
TC-hsa-TTC3_0040	ATG	15
TC-hsa-TTC3_0040	ATG	75
TC-hsa-GART_0004	CAT	390
TC-hsa-GART_0004	ATG	42
TC-hsa-DYRK1A_0051	ATG	103
TC-hsa-GART_0017	CAT	204
TC-hsa-GART_0018	CAT	357
TC-hsa-GART_0018	ATG	9
TC-hsa-TTC3_0051	ATG	15
TC-hsa-TTC3_0051	ATG	75
TC-hsa-TTC3_0063	ATG	20
TC-hsa-GART_0010	CAT	108
TC-hsa-DYRK1A_0079	ATG	17
TC-hsa-TTC3_0022	ATG	380
TC-hsa-TTC3_0022	ATG	440
TC-hsa-TTC3_0046	ATG	15
TC-hsa-TTC3_0046	ATG	75
TC-hsa-TTC3_0050	ATG	15
TC-hsa-TTC3_0050	ATG	75
TC-hsa-BCL2L13_0018	ATG	51
TC-hsa-GART_0016	CAT	357
TC-hsa-GART_0016	ATG	9
TC-hsa-TTC3_0054	ATG	15
TC-hsa-TTC3_0054	ATG	75
TC-hsa-TTC3_0057	ATG	20
TC-hsa-COMT_0001	CTG	18
TC-hsa-TTC3_0032	ATG	15
TC-hsa-TTC3_0032	ATG	75
TC-hsa-TTC3_0009	ATG	871
TC-hsa-TTC3_0009	ATG	931
TC-hsa-EWSR1_0011	CAG	50
TC-hsa-THOC5_0032	ATG	12
TC-hsa-THOC5_0033	ATG	124
TC-hsa-ASCC2_0021	ATG	18
TC-hsa-SF3A1_0004	GGT	485
TC-hsa-SF3A1_0011	GGT	19
TC-hsa-MYH9_0080	ATG	68
TC-hsa-HMGXB4_0001	ATG	1
TC-hsa-MYH9_0095	ATG	136
TC-hsa-MYH9_0095	CTG	2
TC-hsa-CSNK1E_0004	ATG	13
TC-hsa-SF3A1_0003	GGT	19
TC-hsa-CBY1_0001	CTG	13
TC-hsa-MYH9_0092	ATG	20
TC-hsa-CSNK1E_0010	ATG	13
TC-hsa-NUP50_0002	ATG	11
TC-hsa-RANGAP1_0009	CCA	532
TC-hsa-CCDC134_0003	ATG	17
TC-hsa-RANGAP1_0024	ATG	32
TC-hsa-RANGAP1_0008	CCA	1365
TC-hsa-RANGAP1_0008	ATG	39
TC-hsa-EMC3_0011	ATG	132
TC-hsa-EMC3_0011	GTG	75
TC-hsa-SETD5_0018	ATG	177
TC-hsa-SETD5_0010	ATG	177
TC-hsa-XRCC6_0002	ATG	16
TC-hsa-RAB5A_0002	ATG	94
TC-hsa-RAB5A_0005	ATG	33
TC-hsa-METTL6_0033	ATG	80
TC-hsa-SCAP_0020	ATG	11
TC-hsa-RBM6_0001	ATT	18
TC-hsa-RBM6_0001	ATG	67
TC-hsa-RBM6_0006	ATT	18
TC-hsa-RBM6_0006	ATG	67
TC-hsa-SCAP_0032	ATG	11
TC-hsa-ARIH2_0010	ATG	16
TC-hsa-ARIH2_0010	ATG	110
TC-hsa-ARIH2_0010	GGG	194
TC-hsa-IMPDH2_0002	ACC	89
TC-hsa-IP6K2_0001	CTG	74
TC-hsa-IP6K2_0001	CTG	7
TC-hsa-ARIH2_0006	ATG	80
TC-hsa-ARIH2_0006	ATG	174
TC-hsa-ARIH2_0006	GGG	258
TC-hsa-ALAS1_0001	ATG	22
TC-hsa-ABHD6_0004	ATG	91
TC-hsa-TFG_0004	ATG	44
TC-hsa-ATP6V1A_0010	ATG	14
TC-hsa-GTF2E1_0001	ATG	31
TC-hsa-IQCB1_0005	ATG	13
TC-hsa-IQCB1_0018	ATG	13
TC-hsa-ZNF148_0034	ATG	220
TC-hsa-IQCB1_0009	ATG	13
TC-hsa-ZNF148_0043	ATG	72
TC-hsa-NXPE3_0002	ATG	46
TC-hsa-SRPRB_0001	ATG	174
TC-hsa-ZNF148_0044	ATG	148
TC-hsa-ZNF148_0031	ATG	72
TC-hsa-STAG1_0230	ATG	51
TC-hsa-STAG1_0234	ATG	84
TC-hsa-STAG1_0236	ATG	84
TC-hsa-RNF13_0006	ATG	17
TC-hsa-SLC25A36_0001	ATG	31
TC-hsa-SLC25A36_0002	ATG	31
TC-hsa-SLC25A36_0008	ATG	31
TC-hsa-GMPS_0001	TGT	65
TC-hsa-RAP2B_0001	ATG	16
TC-hsa-SCHIP1_0001	ATG	14
TC-hsa-SCHIP1_0001	GTG	91
TC-hsa-U2SURP_0002	ATG	91
TC-hsa-FNDC3B_0001	ATG	112
TC-hsa-TBL1XR1_0038	ATG	62
TC-hsa-MFN1_0001	GAT	14
TC-hsa-FNDC3B_0017	ATG	41
TC-hsa-GNB4_0013	ATG	43
TC-hsa-GNB4_0019	ATG	43
TC-hsa-GNB4_0026	ATG	43
TC-hsa-GNB4_0036	ATG	43
TC-hsa-ECT2_0002	ATG	23
TC-hsa-TBL1XR1_0009	ATG	138
TC-hsa-PIK3CA_0003	ATG	77
TC-hsa-KLHL24_0005	ATG	125
TC-hsa-LPP_0016	ATG	119
TC-hsa-YEATS2_0005	ATG	20
TC-hsa-YEATS2_0018	ATG	20
TC-hsa-SENP2_0011	ATG	37
TC-hsa-YEATS2_0035	ATG	20
TC-hsa-PCGF3_0001	ACG	77
TC-hsa-TFRC_0083	ATG	27
TC-hsa-TFRC_0066	ATG	27
TC-hsa-WHSC1_0028	GAT	29
TC-hsa-SENP2_0002	ATG	93
TC-hsa-SENP2_0012	ATG	37
TC-hsa-KLHL5_0007	ATG	41
TC-hsa-G3BP2_0004	ATG	25
TC-hsa-KLHL8_0019	ATG	18
TC-hsa-HELQ_0086	ATG	44
TC-hsa-HELQ_0086	GTG	1
TC-hsa-SMARCAD1_0001	ATG	50
TC-hsa-KLHL8_0002	ATG	18
TC-hsa-NUDT9_0003	ATG	44
TC-hsa-SGMS2_0005	ATG	245
TC-hsa-ARFIP1_0005	ATG	10
TC-hsa-MAP9_0016	TTG	14
TC-hsa-ABCE1_0001	TAT	27
TC-hsa-SCOC_0003	ATT	15
TC-hsa-LSM6_0001	ATG	11
TC-hsa-TENM3_0022	CTG	67
TC-hsa-TRAPPC11_0003	ATG	22
TC-hsa-CMBL_0003	ATG	20
TC-hsa-ACSL1_0035	AAT	32
TC-hsa-ACSL1_0039	AAT	32
TC-hsa-SDHA_0004	ATG	116
TC-hsa-NUP155_0064	CCT	218
TC-hsa-NUP155_0101	CCT	218
TC-hsa-MTRR_0003	GAT	25
TC-hsa-MTRR_0004	GAT	25
TC-hsa-LIFR_0062	ATG	23
TC-hsa-ACSL1_0038	AAT	32
TC-hsa-LIFR_0003	ATG	23
TC-hsa-LIFR_0055	ATG	23
TC-hsa-NUP155_0058	CCT	147
TC-hsa-NUP155_0072	CCT	218
TC-hsa-RAI14_0002	ATG	49
TC-hsa-RAI14_0010	ATG	49
TC-hsa-RAI14_0011	ATG	49
TC-hsa-RAI14_0012	ATG	49
TC-hsa-NIPBL_0007	ATG	80
TC-hsa-NIPBL_0010	ATG	80
TC-hsa-CMBL_0004	ATG	20
TC-hsa-NUP155_0125	CCT	147
TC-hsa-ZNF131_0001	ATG	16
TC-hsa-ZNF131_0003	ATG	16
TC-hsa-LIFR_0031	ATG	23
TC-hsa-LIFR_0068	ATG	4
TC-hsa-LIFR_0072	ATG	23
TC-hsa-IL6ST_0048	GAT	103
TC-hsa-IL6ST_0052	GAT	15
TC-hsa-IL6ST_0055	GAT	103
TC-hsa-ZNF131_0012	ATG	11
TC-hsa-HMGCS1_0012	ATG	11
TC-hsa-HMGCS1_0026	ATG	11
TC-hsa-C5orf34_0011	ATT	8
TC-hsa-TRIM23_0023	ATG	227
TC-hsa-ELOVL7_0004	ATG	35
TC-hsa-SGTB_0022	ATG	237
TC-hsa-TRIM23_0036	ATG	373
TC-hsa-HMGCR_0001	ATG	24
TC-hsa-TBCA_0004	ATG	65
TC-hsa-PAPD4_0007	ATG	35
TC-hsa-PAPD4_0010	ATG	35
TC-hsa-SREK1_0005	TCT	164
TC-hsa-SREK1_0010	TCT	30
TC-hsa-ARSB_0006	ATT	249
TC-hsa-POLK_0008	ATG	14
TC-hsa-SSBP2_0145	CAT	52
TC-hsa-SREK1_0017	TCT	30
TC-hsa-OCLN_0006	ATG	69
TC-hsa-AP3B1_0112	ATG	32
TC-hsa-SGTB_0009	ATG	23
TC-hsa-NUP155_0047	CCT	218
TC-hsa-PJA2_0012	ATG	88
TC-hsa-PJA2_0031	ATG	88
TC-hsa-DMXL1_0003	ATG	182
TC-hsa-PPP2CA_0019	ATG	91
TC-hsa-TMEM161B_0024	CTG	59
TC-hsa-HSPA4_0029	GTG	1066
TC-hsa-HSPA4_0040	GTG	744
TC-hsa-HSPA4_0053	GTG	169
TC-hsa-HSPA4_0054	GTG	166
TC-hsa-MATR3_0006	ATG	20
TC-hsa-CDC25C_0010	ATG	35
TC-hsa-FAM13B_0091	ATG	41
TC-hsa-CDC25C_0014	ATG	35
TC-hsa-TNIP1_0026	ATG	196
TC-hsa-TNIP1_0026	ATG	37
TC-hsa-RNF14_0003	ATG	29
TC-hsa-CCNG1_0002	ATG	78
TC-hsa-G3BP1_0019	ATG	19
TC-hsa-CSNK1A1_0042	ATG	297
TC-hsa-LARP1_0023	ATG	17
TC-hsa-G3BP1_0002	ATG	19
TC-hsa-G3BP1_0016	ATG	19
TC-hsa-LARP1_0002	ATG	79
TC-hsa-TNIP1_0014	ATG	196
TC-hsa-TNIP1_0014	ATG	37
TC-hsa-LARP1_0017	ATG	79
TC-hsa-HNRNPH1_0008	ATG	32
TC-hsa-PDLIM7_0006	ATG	12
TC-hsa-MRS2_0001	ATG	60
TC-hsa-FKBP5_0009	ATG	20
TC-hsa-HIST1H2BJ_0002	ATG	34
TC-hsa-FKBP5_0031	ATG	20
TC-hsa-BRPF3_0001	CAT	12
TC-hsa-NFKBIL1_0001	ATG	13
TC-hsa-KCTD20_0003	ATG	47
TC-hsa-KCTD20_0018	ATG	47
TC-hsa-KCTD20_0020	ATG	47
TC-hsa-TRIM26_0005	ATG	51
TC-hsa-NFYA_0004	GTG	34
TC-hsa-NFYA_0004	ATG	62
TC-hsa-BRD2_0010	CCA	681
TC-hsa-BRD2_0010	GCA	1068
TC-hsa-SYNCRIP_0027	ATG	58
TC-hsa-ASCC3_0115	ATG	36
TC-hsa-ASCC3_0105	ATG	42
TC-hsa-SEC63_0094	ACG	26
TC-hsa-RPF2_0008	TCT	68
TC-hsa-RPF2_0010	TCT	68
TC-hsa-RPF2_0013	TCT	28
TC-hsa-HDAC2_0002	ATG	22
TC-hsa-PNISR_0026	ATG	32
TC-hsa-ATG5_0020	ATG	34
TC-hsa-TBPL1_0004	ATG	45
TC-hsa-TBPL1_0006	ATG	45
TC-hsa-GJA1_0002	TTG	61
TC-hsa-C7orf50_0003	GCT	208
TC-hsa-CITED2_0001	ATG	107
TC-hsa-CITED2_0001	ACG	16
TC-hsa-MAD1L1_0067	ACG	145
TC-hsa-MAD1L1_0067	CTG	115
TC-hsa-C7orf50_0001	GCT	78
TC-hsa-BZW2_0004	ATG	135
TC-hsa-BZW2_0004	ATG	198
TC-hsa-BZW2_0006	ATG	135
TC-hsa-BZW2_0006	ATG	198
TC-hsa-BZW2_0007	ATG	70
TC-hsa-BZW2_0007	ATG	133
TC-hsa-MIOS_0004	ATG	139
TC-hsa-NDUFA4_0002	ATG	119
TC-hsa-NDUFA4_0002	GTG	70
TC-hsa-MIOS_0003	ATG	139
TC-hsa-KDELR2_0002	ATG	72
TC-hsa-NUPL2_0004	ATG	7
TC-hsa-CPVL_0015	ATG	359
TC-hsa-NDUFA4_0003	ATG	72
TC-hsa-NDUFA4_0003	GTG	23
TC-hsa-CPVL_0014	ATG	146
TC-hsa-CPVL_0047	ATG	460
TC-hsa-GBAS_0022	GGA	288
TC-hsa-GRB10_0010	ATG	18
TC-hsa-OGDH_0006	ATG	28
TC-hsa-GBAS_0009	GGA	569
TC-hsa-GBAS_0014	GGA	383
TC-hsa-RABGEF1_0005	ATG	873
TC-hsa-RABGEF1_0010	ATG	18
TC-hsa-SRRT_0001	ATG	19
TC-hsa-ARPC1A_0002	ATG	30
TC-hsa-ARPC1B_0004	ATG	14
TC-hsa-CNOT4_0023	ATG	93
TC-hsa-CUL1_0003	ATG	97
TC-hsa-BPGM_0001	ATG	62
TC-hsa-CNOT4_0011	ATG	93
TC-hsa-NUP205_0001	AGA	22
TC-hsa-CNOT4_0016	ATG	93
TC-hsa-CNOT4_0019	ATG	93
TC-hsa-CUL1_0016	ATG	97
TC-hsa-DNAJB6_0002	ATG	27
TC-hsa-PCM1_0011	ATG	23
TC-hsa-PCM1_0015	ATG	23
TC-hsa-PCM1_0006	ATG	91
TC-hsa-PCM1_0004	ATG	91
TC-hsa-SLC39A14_0004	ATG	16
TC-hsa-GINS4_0001	ATG	20
TC-hsa-KAT6A_0034	ATG	293
TC-hsa-ATP6V1H_0050	ATG	45
TC-hsa-SDCBP_0003	ATG	16
TC-hsa-CSPP1_0002	ATG	140
TC-hsa-TPD52_0001	ATG	40
TC-hsa-CSPP1_0011	ATG	11
TC-hsa-CPNE3_0007	ATG	11
TC-hsa-MTFR1_0004	ATG	16
TC-hsa-CPNE3_0003	ATG	49
TC-hsa-CPNE3_0012	ATG	11
TC-hsa-CPNE3_0014	ATG	11
TC-hsa-CSPP1_0013	ATG	11
TC-hsa-OTUD6B_0001	ATG	47
TC-hsa-NSMCE2_0017	ATG	15
TC-hsa-PTK2_0036	ATG	33
TC-hsa-PTK2_0216	ATG	122
TC-hsa-PTK2_0235	ATG	122
TC-hsa-PTK2_0282	ATG	33
TC-hsa-PTK2_0288	ATG	122
TC-hsa-PTK2_0311	ATG	122
TC-hsa-VPS28_0003	ATG	35
TC-hsa-VPS28_0005	ATG	35
TC-hsa-ANKRD46_0002	CTG	59
TC-hsa-YWHAZ_0004	ATG	12
TC-hsa-RPL8_0001	ATG	236
TC-hsa-RPL8_0001	GAG	157
TC-hsa-ATP6V1C1_0001	CAT	39
TC-hsa-DENND4C_0017	ATG	18
TC-hsa-MELK_0010	ATG	39
TC-hsa-DENND4C_0013	ATG	18
TC-hsa-ZCCHC7_0028	ATG	22
TC-hsa-FOCAD_0012	ATG	78
TC-hsa-FOCAD_0038	ATG	33
TC-hsa-TRMT10B_0002	ATG	30
TC-hsa-ACO1_0001	ATG	60
TC-hsa-ACO1_0003	ATG	23
TC-hsa-FOCAD_0013	ATG	78
TC-hsa-FOCAD_0001	ATG	180
TC-hsa-FOCAD_0011	ATG	78
TC-hsa-HNRNPK_0011	ATG	108
TC-hsa-HNRNPK_0011	CTG	13
TC-hsa-TGFBR1_0021	AGA	45
TC-hsa-NOL8_0013	ATG	36
TC-hsa-TGFBR1_0008	AGA	612
TC-hsa-TGFBR1_0007	AGA	612
TC-hsa-TGFBR1_0011	AGA	612
TC-hsa-RAD23B_0013	ATT	765
TC-hsa-RAD23B_0014	ATT	747
TC-hsa-RAD23B_0028	ATT	278
TC-hsa-RAD23B_0030	ATT	133
TC-hsa-TGFBR1_0012	AGA	612
TC-hsa-RABGAP1_0015	ATG	25
TC-hsa-RABGAP1_0015	ATG	50
TC-hsa-RABGAP1_0028	ATG	25
TC-hsa-RABGAP1_0028	ATG	50
TC-hsa-RABGAP1_0006	ATG	25
TC-hsa-RABGAP1_0006	ATG	50
TC-hsa-STRBP_0014	ATT	166
TC-hsa-STRBP_0068	ATT	29
TC-hsa-HSPA5_0008	ATG	1
TC-hsa-ODF2_0004	ATG	138
TC-hsa-PTGR1_0019	ATG	11
TC-hsa-BRD3_0010	CCA	1290
TC-hsa-ZER1_0012	ATG	16
TC-hsa-PRRC2B_0031	ATG	13
TC-hsa-PRRC2B_0005	GAT	39
TC-hsa-PRRC2B_0005	ATG	56
TC-hsa-PRRC2B_0005	ATG	93
TC-hsa-PRRC2B_0005	ATG	183
TC-hsa-PRRC2B_0010	GAT	39
TC-hsa-PRRC2B_0010	ATG	56
TC-hsa-PRRC2B_0010	ATG	93
TC-hsa-PRRC2B_0010	ATG	183
TC-hsa-PRRC2B_0016	GAT	35
TC-hsa-PRRC2B_0016	ATG	52
TC-hsa-PRRC2B_0016	ATG	89
TC-hsa-PRRC2B_0016	ATG	179
TC-hsa-PRRC2B_0017	GAT	35
TC-hsa-PRRC2B_0017	ATG	52
TC-hsa-PRRC2B_0017	ATG	89
TC-hsa-PRRC2B_0017	ATG	179
TC-hsa-PRRC2B_0018	GAT	35
TC-hsa-PRRC2B_0018	ATG	52
TC-hsa-PRRC2B_0018	ATG	89
TC-hsa-PRRC2B_0018	ATG	179
TC-hsa-PRRC2B_0022	ATG	13
TC-hsa-NACC2_0007	ATG	60
TC-hsa-EGFL7_0008	ATG	43
TC-hsa-SEC16A_0003	ATG	70
TC-hsa-TAB3_0017	ATG	225
TC-hsa-TAB3_0020	ATG	122
TC-hsa-KLHL15_0004	ATG	160
TC-hsa-HUWE1_0149	CTG	80
TC-hsa-HUWE1_0149	TTG	58
TC-hsa-HUWE1_0149	ATC	34
TC-hsa-SMC1A_0006	CAG	1111
TC-hsa-SMC1A_0008	CAG	1246
TC-hsa-ABCB7_0026	ATG	1
TC-hsa-ARMCX3_0002	GTG	20
TC-hsa-ARMCX5-GPRASP2_0002	ATT	34
TC-hsa-PLS3_0004	AAC	1104
TC-hsa-PLS3_0004	ACT	1488
TC-hsa-CUL4B_0047	GAT	60
TC-hsa-ARMCX6_0001	CTG	183
TC-hsa-MBNL3_0008	ATG	71
TC-hsa-MBNL3_0009	ATG	209
TC-hsa-NSDHL_0001	AAT	43
TC-hsa-PLS3_0043	ACT	218
TC-hsa-SLC25A5_0001	GAT	391
TC-hsa-SLC6A8_0001	TTC	57
TC-hsa-MTM1_0011	ATG	11
TC-hsa-MTM1_0012	ATG	11
TC-hsa-FHL1_0006	ATG	27
TC-hsa-PLS3_0031	AAC	596
TC-hsa-PLS3_0033	AAC	596
TC-hsa-PLS3_0033	ACT	980
TC-hsa-PLS3_0038	AAC	348
TC-hsa-PLS3_0038	ACT	732
TC-hsa-POMK_0004	ATG	34
TC-hsa-GAS2L3_0019	ATG	152
TC-hsa-CLIC4_0009	AGT	109
TC-hsa-MIR6820_0001	ATG	65
TC-hsa-HNRNPUL1_0011	ATG	74
TC-hsa-NAP1L4_0017	ATG	18
TC-hsa-RP5-1021I20_0009	ATC	96
TC-hsa-RP5-1021I20_0009	ATG	132
TC-hsa-RP5-1021I20_0009	ATG	363
TC-hsa-PARN_0136	ATG	64
TC-hsa-ARMT1_0001	ATG	23
TC-hsa-KMT2E_0002	ATA	37
TC-hsa-DUS2_0014	ATG	19
TC-hsa-CAST_0013	ATG	40
TC-hsa-NAP1L4_0039	ATG	18
TC-hsa-EIF2AK1_0019	AAA	117
TC-hsa-PARN_0122	ATG	64
TC-hsa-RECQL_0013	ATG	46
TC-hsa-ZNF410_0015	ATG	114
TC-hsa-ADGRL2_0033	ATG	101
TC-hsa-RACK1_0010	AAT	79
TC-hsa-ACLY_0039	GGC	877
TC-hsa-SPECC1L-ADORA2A_0012	ATG	13
TC-hsa-GSPT1_0059	ATG	63
TC-hsa-PRMT9_0028	ATG	73
TC-hsa-UQCC1_0027	ATG	36
TC-hsa-RP11-411B6_0001	ATG	7
TC-hsa-SPECC1L-ADORA2A_0016	ATG	13
TC-hsa-GSPT1_0051	ATG	63
TC-hsa-CNOT9_0002	ATG	68
TC-hsa-HDGF_0005	GTC	196
TC-hsa-TMEM267_0004	ATG	318
TC-hsa-RP11-793H13_0005	TTG	36
TC-hsa-GAS2L3_0044	ATG	31
TC-hsa-ACLY_0027	ATG	61
TC-hsa-SMAD5_0005	ATG	56
TC-hsa-SCP2_0059	ATG	132
TC-hsa-KMT5B_0006	ATG	49
TC-hsa-PARN_0141	AAT	56
TC-hsa-PARN_0141	ATG	139
TC-hsa-ATP5J2-PTCD1_0009	ATG	27
TC-hsa-ZNF761_0002	ATG	308
TC-hsa-RP4-635E18_0001	ATG	13
TC-hsa-VDAC3_0004	ATG	49
TC-hsa-SC5D_0001	ATG	11
TC-hsa-RP1-283E3_0008	ATG	160
TC-hsa-SGPL1_0001	ATG	102
TC-hsa-SCP2_0052	ATG	388
TC-hsa-GAS2L3_0034	ATG	152
TC-hsa-MLH1_0012	ATG	75
TC-hsa-CTNNB1_0004	ATG	49
TC-hsa-SET_0010	CCA	28
TC-hsa-MAGED2_0002	ATG	30
TC-hsa-GAS2L3_0040	ATG	31
TC-hsa-RP11-111H13_0005	ATG	28
TC-hsa-ACLY_0040	GGC	94
TC-hsa-EIF2AK1_0036	AAA	117
TC-hsa-FNBP1_0022	ATG	101
TC-hsa-CAPG_0005	ATG	14
TC-hsa-ANXA6_0024	ATG	26
TC-hsa-EIF2AK1_0037	AAA	276
TC-hsa-KMT2E_0017	ATG	103
TC-hsa-VIM-AS1_0002	CAT	92
TC-hsa-VIM-AS1_0002	CGG	148
TC-hsa-DPP9_0019	ATG	27
TC-hsa-FNBP1_0051	ATG	101
TC-hsa-SLC2A3_0009	ATG	56
TC-hsa-TSR1_0005	ACC	573
TC-hsa-ERO1B_0028	CTG	59
TC-hsa-ERO1B_0028	ATG	168
TC-hsa-NAP1L4_0028	ATG	18
TC-hsa-FBXO16_0003	ATG	59
TC-hsa-MLH1_0002	ATG	75
TC-hsa-PPT2-EGFL8_0001	CTG	27
TC-hsa-PPT2-EGFL8_0001	ATG	69
TC-hsa-PLS3_0018	GGT	244
TC-hsa-SEPW1_0001	ATG	74
TC-hsa-MLH1_0016	ATG	70
TC-hsa-AC009133_0001	ATG	79
TC-hsa-EIF2AK1_0045	AAA	207
TC-hsa-ATG101_0002	ATG	55
TC-hsa-KMT2E_0016	ATG	103
TC-hsa-CTSL_0001	CTG	81
TC-hsa-QTRT2_0003	ATG	22
TC-hsa-RP11-745O10_0001	ATG	8
TC-hsa-STAU2_0097	ATG	160
TC-hsa-RTCB_0002	TTC	883
TC-hsa-CAST_0005	ATG	112
TC-hsa-CAST_0012	ATG	40
TC-hsa-ZNF83_0014	ATG	74
TC-hsa-PLS3_0020	GGT	244
TC-hsa-MLH1_0008	ATG	75
TC-hsa-VDAC3_0001	ATG	89
TC-hsa-SCP2_0040	ATG	690
TC-hsa-RPL30_0003	GAT	32
TC-hsa-HNRNPUL1_0006	ATG	96
TC-hsa-RP11-73M18_0010	ATG	14
TC-hsa-KIAA1715_0022	ATG	63
TC-hsa-CTSL_0003	ATG	11
TC-hsa-DMXL1_0002	ATG	182
TC-hsa-PPP2R2A_0002	ATT	36
TC-hsa-RP5-1021I20_0004	ATC	872
TC-hsa-RP5-1021I20_0004	ATG	908
TC-hsa-RP5-1021I20_0004	ATG	1139
TC-hsa-RP11-176H8_0062	ATG	75
TC-hsa-XX-FW83563B9_0001	AGG	171
TC-hsa-RP11-176H8_0072	ATG	75
TC-hsa-RP11-793H13_0001	TTG	36
TC-hsa-CTNNB1_0008	ATG	49
TC-hsa-ARHGAP12_0051	CTG	15
TC-hsa-SEPT2_0001	ATA	31
TC-hsa-GAS2L3_0042	ATG	31
TC-hsa-RP11-26J3_0003	ATG	118
TC-hsa-CDKN2D_0002	ATG	179
TC-hsa-SCP2_0060	ATG	58
TC-hsa-GAS2L3_0037	ATG	152
TC-hsa-CTD-2132N18_0002	CTG	64
TC-hsa-PLS3_0019	GGT	244
TC-hsa-KMT5B_0013	ATG	49
TC-hsa-RP11-111K18_0006	ATG	30
TC-hsa-SMAD5_0011	ATG	52
